Date,Order Id,Nonprofit,Donation Currency,Donation Amount,Fee
25/01/2019,DE124b535a67446,Evidyaloka Trust,AED,100,0.79
10/2/2019,DE125f9d4664be1,Bal Sansar Sanstha,USD,10,0.42
10/2/2019,DE12606de1876f2,Bangalore Baptist Hospital Society,USD,563,12.56
11/2/2019,DE1261b599bd037,Mantra Social Services,USD,36,0.99
13/02/2019,DE126452202504e,Sant Singaji Educational Society,USD,15,0.53
16/02/2019,DE1267fb5915995,The CounterMedia Trust,USD,25,0.75
16/02/2019,DE126807dc68cf2,The Association of People with Disability,USD,100,2.4
16/02/2019,DE1268083ee2a55,Bal Sansar Sanstha,USD,100,2.4
16/02/2019,DE12682c31304b4,Vaishnavi Welfare and Charitable Trust,CAD,20,0.53
16/02/2019,DE12684624205cc,Reaching Sky Foundation,USD,50,1.3
17/02/2019,DE1268d69346545,Prayas,USD,200,4.61
17/02/2019,DE1268dc5b682fe,Bangalore Medical Services Trust,USD,200,4.61
17/02/2019,DE12694569cbba8,Bhumi,GBP,10,0.34
17/02/2019,DE126967f733ce5,Babul Films Society,AUD,20,0.51
17/02/2019,DE12697012e3bc5,Gir Pachhat Jati Vikas Seva Samiti,GBP,28,0.59
17/02/2019,DE126994ff2c3e5,Y4D Foundation,USD,50,1.3
17/02/2019,DE1269a9d3348b0,Vidyarthi Sahayak Samiti,AED,129,0.97
17/02/2019,DE1269ad86eb743,Agrasar,GBP,6,0.28
17/02/2019,DE1269c0fc14d8c,Simple Education Foundation,USD,100,2.4
18/02/2019,DE126acabcd6a32,Gir Pachhat Jati Vikas Seva Samiti,USD,36,0.99
18/02/2019,DE126acc9d746be,Amenity Lifeline Emergency Response Team (ALERT),USD,25,0.75
18/02/2019,DE126adee34ef4e,Bangalore Baptist Hospital Society,USD,50,1.3
18/02/2019,DE126ae15123c42,Hariraj Charitable Trust,USD,101,2.42
18/02/2019,DE126b2b6420a65,Collective action for Basic Rights Foundation (CBRF),EUR,8,0.3
19/02/2019,DE126b7a122d2f8,E and H Foundation,USD,150,3.5
19/02/2019,DE126b7a2f0b227,Hyderabad Eye Institute ( L V Prasad Eye Institute),USD,25,0.75
19/02/2019,DE126b7e8c0ba5f,PURE India Trust,USD,50,1.3
19/02/2019,DE126bdf96e7e7a,Let's Live Together Charitable Trust,AUD,25,0.59
19/02/2019,DE126c0075e827c,Agrasar,USD,101,2.42
19/02/2019,DE126c045fcb5f5,Gubbachi Learning Community,CAD,10,0.37
19/02/2019,DE126c072b2ee45,Barefoot Edu Foundation (Kokanes Kohinoor Technical Trust),USD,100,2.4
19/02/2019,DE126c0e09e6005,Centre for Wildlife Studies,USD,50,1.3
19/02/2019,DE126c271744c28,Gubbachi Learning Community,USD,100,2.4
19/02/2019,DE126c295c1d7c2,Dream a Dream,USD,22,0.68
19/02/2019,DE126c2bad881b0,Bangiya Ayurveda Samaj,USD,25,0.75
19/02/2019,DE126c3625ac4a9,Sanjeevani Life Beyond Cancer,USD,20,0.64
19/02/2019,DE126c402571461,Navnirman Trust (Jagrutha Mahila Sanghatan),USD,250,5.7
19/02/2019,DE126c42636d3f0,Sahyog Care For You,GBP,6,0.37
19/02/2019,DE126c5f056127d,Y4D Foundation,EUR,5,0.32
19/02/2019,DE126c98371ee6f,Humana People to People India,CAD,25,0.61
20/02/2019,DE126c991a7ffa6,Yuvraj Singh Foundation,USD,10,0.42
20/02/2019,DE126c99c5d02a9,Sethu Trust,USD,25,0.75
20/02/2019,DE126c9a45c2d07,Khel Khel Mein Foundation,USD,15,0.53
20/02/2019,DE126ca01be2c0e,Barefoot Edu Foundation (Kokanes Kohinoor Technical Trust),USD,20,0.64
20/02/2019,DE126ca39e22e07,Let's Live Together Charitable Trust,USD,20,0.64
20/02/2019,DE126ca7e29449f,Susheel Foundation,USD,50,1.29
20/02/2019,DE126cc3575fb6e,Cross Blood Foundation,USD,20,0.64
20/02/2019,DE126cd9d579f69,Bangalore Medical Services Trust,USD,36,0.98
20/02/2019,DE126cda03b2021,Deva Kirubai Social Help Association - DKSHA,USD,40,1.07
20/02/2019,DE126d3d29aad54,Vanavil Trust,SGD,30,0.68
20/02/2019,DE126d763193506,RadhaKrushna Charitable Trust,USD,36,0.99
20/02/2019,DE126d851886880,Cuddles Foundation,USD,36,0.99
20/02/2019,DE126d9229191b5,Bangiya Ayurveda Samaj,USD,25,0.75
20/02/2019,DE126d978712599,Sant Singaji Educational Society,USD,50,1.29
20/02/2019,DE126d9b863fa0c,Agrasar,USD,30,0.85
21/02/2019,DE126e28b2bd5a8,Vidyarthi Sahayak Samiti,USD,100,2.38
21/02/2019,DE126e538cad352,Agrasar,USD,70,1.73
21/02/2019,DE126ea04310059,Deendayal Navrachna Pratisthan Sondara Gurukul Domri,SGD,101,1.82
21/02/2019,DE126ea32370e88,Khel Khel Mein Foundation,AUD,20,0.51
21/02/2019,DE126eaedfcd26a,Bal Sansar Sanstha,USD,20,0.63
21/02/2019,DE126eb6dc75242,Deva Kirubai Social Help Association - DKSHA,EUR,32,0.58
21/02/2019,DE126ebd1689ea0,Happy Horizons Trust,USD,61,1.53
21/02/2019,DE126ec3375aabe,Vidyarthi Sahayak Samiti,USD,10,0.42
21/02/2019,DE126ec71c24101,Society for Children (SOCH),USD,100,2.37
21/02/2019,DE126ecd28e5ee2,Humana People to People India,USD,20,0.63
21/02/2019,DE126ecda36708c,QUEST Alliance,USD,15,0.53
21/02/2019,DE126ece101d8c2,Suyam Charitable Trust,USD,10,0.42
21/02/2019,DE126ee634c8beb,PURE India Trust,USD,50,1.29
21/02/2019,DE126f027aed662,Parivaar Education Society,USD,20,0.63
21/02/2019,DE126f2ac6d41b4,Y4D Foundation,USD,50,1.29
21/02/2019,DE126f303c0131c,E and H Foundation,USD,36,0.98
22/02/2019,DE126f45f999c47,The Akshaya Patra Foundation,USD,100,2.38
22/02/2019,DE126f47ca87d7a,Sambhav Foundation,USD,20,0.64
22/02/2019,DE126f52f06f624,Vaishnavi Welfare and Charitable Trust,USD,100,2.38
22/02/2019,DE126f59050b8c0,Barefoot Edu Foundation (Kokanes Kohinoor Technical Trust),USD,50,1.29
22/02/2019,DE126f6a2e862a7,Teach For India,USD,50,1.29
22/02/2019,DE126f73ea15e26,Quality Education Support Trust (QUEST),USD,36,0.98
22/02/2019,DE126f78cc3e499,Khel Khel Mein Foundation,USD,50,1.29
22/02/2019,DE126fa858de136,The Association of People with Disability,GBP,20,0.48
22/02/2019,DE126faa914634b,Community Reconstruction of Social Service (CROSS),GBP,15,0.41
22/02/2019,DE126fabb0db7eb,Tender Heart Education Society,GBP,15,0.41
22/02/2019,DE126fb6c1192c2,Amenity Lifeline Emergency Response Team (ALERT),GBP,15,0.41
22/02/2019,DE126fca644d1ad,Navnirman Trust (Jagrutha Mahila Sanghatan),GBP,50,0.9
22/02/2019,DE126fcbaec1c6f,Sayodhya Home for Women in Need,GBP,20,0.48
22/02/2019,DE126fd1f2ea799,Bal Sansar Sanstha,GBP,27,0.58
22/02/2019,DE126fe3c958f49,Million Sparks Foundation,USD,10,0.42
22/02/2019,DE126ff638b09e7,Sri Sathya Sai Health & Education Trust,USD,150,3.48
22/02/2019,DE126ff90e73229,The Akshaya Patra Foundation,USD,20,0.64
22/02/2019,DE127014b2c0ee9,Barefoot Edu Foundation (Kokanes Kohinoor Technical Trust),USD,50,1.29
22/02/2019,DE12701fe99185a,Waste Warriors Society,GBP,27,0.58
22/02/2019,DE127021dc19c6b,Parivaar Education Society,USD,20,0.64
22/02/2019,DE1270227f16ef8,NavGurukul Foundation for Social Welfare,USD,50,1.29
22/02/2019,DE127029d451528,Dream a Dream,USD,20,0.64
22/02/2019,DE127031bf2ec5b,Prayas,AED,52,0.51
22/02/2019,DE12703626f2cce,Vivekananda Youth Forum,USD,10,0.42
22/02/2019,DE1270366872df5,The Akshaya Patra Foundation,USD,15,0.53
22/02/2019,DE127038fc77099,Reaching Sky Foundation,GBP,50,0.9
22/02/2019,DE12703b5891ab5,Happy Horizons Trust,USD,50,1.29
22/02/2019,DE12703fba93528,Jal Seva Charitable Foundation (WaterAid India),USD,30,0.86
22/02/2019,DE12705b0a70d25,Sayodhya Home for Women in Need,USD,10,0.42
22/02/2019,DE12707e31b8089,Million Sparks Foundation,USD,36,0.99
23/02/2019,DE1270a6197b47c,Sant Singaji Educational Society,SGD,48,0.97
23/02/2019,DE1270ac3c3d0ec,People for the Respect and Care of Animals,USD,8,0.37
23/02/2019,DE1270ace458261,Quality Education Support Trust (QUEST),USD,20,0.64
23/02/2019,DE1270c5f0938a4,Gramin Samassya Mukti Trust,USD,50,1.29
23/02/2019,DE1270e05c386ed,Navnirman Trust (Jagrutha Mahila Sanghatan),USD,20,0.64
23/02/2019,DE1270e1ca3149f,Agrasar,SGD,200,3.42
23/02/2019,DE127112f64976c,Akshaya Aahara Foundation ( AAF),AED,200,1.39
23/02/2019,DE127145304af39,United Sisters Foundation,EUR,5,0.32
23/02/2019,DE1271474cb06a1,Bhumi,USD,36,0.98
23/02/2019,DE127151a11df6c,Collective action for Basic Rights Foundation (CBRF),USD,10,0.42
23/02/2019,DE12715b144b540,Gubbachi Learning Community,USD,10,0.42
23/02/2019,DE12717d3e22076,Cross Blood Foundation,USD,15,0.53
23/02/2019,DE127190fd1ecf4,Sethu Trust,USD,100,2.38
23/02/2019,DE1271cbea9cf39,The CounterMedia Trust,USD,20,0.64
23/02/2019,DE1271dafdcfcd8,Fundacja Aravindam Social Development,MYR,58,0.51
24/02/2019,DE12721580da23d,Deva Kirubai Social Help Association - DKSHA,USD,50,1.29
24/02/2019,DE127230c60bfd9,Perambalur District Network for HIV Positive People,USD,36,0.98
24/02/2019,DE1272b54436820,Suyam Charitable Trust,USD,20,0.64
24/02/2019,DE1272b598d1e9b,Deendayal Navrachna Pratisthan Sondara Gurukul Domri,SGD,50,1.01
24/02/2019,DE1272b9daf332e,Rostrum India Social Organization,USD,25,0.74
24/02/2019,DE1272c0d50c1de,Synodical Board of Social Services of the Church of North India,USD,15,0.53
24/02/2019,DE1272e11107e2b,Evidyaloka Trust,USD,100,2.38
24/02/2019,DE1272e777ddf16,Let's Live Together Charitable Trust,USD,10,0.42
25/02/2019,DE127356fb31787,Sethu Trust,USD,15,0.53
25/02/2019,DE12735bbcb7d98,The Association of People with Disability,USD,50,1.29
25/02/2019,DE127363b6a4c09,United Sisters Foundation,SGD,50,1.01
25/02/2019,DE1273716a5c1e0,Deva Kirubai Social Help Association - DKSHA,USD,40,1.07
25/02/2019,DE1273dc8e5f488,Deendayal Navrachna Pratisthan Sondara Gurukul Domri,SGD,50,1.01
25/02/2019,DE1273fea4d0aed,Gubbachi Learning Community,USD,20,0.63
25/02/2019,DE127404b9c163c,Teach For India,USD,15,0.53
25/02/2019,DE127412dbbbaad,E and H Foundation,USD,5,0.31
25/02/2019,DE1274135f035dd,Sethu Trust,CAD,100,1.86
25/02/2019,DE127416571d9fb,Centre for Wildlife Studies,USD,20,0.63
25/02/2019,DE12741e907bd2f,Collective action for Basic Rights Foundation (CBRF),USD,50,1.29
25/02/2019,DE1274357c7ca77,United Way of Delhi,GBP,11,0.35
25/02/2019,DE127475b74f33a,Team Everest,USD,25,0.74
26/02/2019,DE12749cd9ec67a,PURE India Trust,USD,50,1.28
26/02/2019,DE1274b729373fb,PURE India Trust,USD,30,0.85
26/02/2019,DE1274b7e9b2d69,Reaching Sky Foundation,SGD,20,0.52
26/02/2019,DE1274c8ea79d27,Suyam Charitable Trust,SGD,20,0.52
26/02/2019,DE1274e28bf2a60,Centre for Wildlife Studies,SGD,120,2.13
26/02/2019,DE1274fc232c29f,Barefoot Edu Foundation (Kokanes Kohinoor Technical Trust),USD,20,0.63
26/02/2019,DE12753fb393d24,Society For Development Activities,USD,20,0.63
26/02/2019,DE12754183dbeba,The Baale Mane Trust,USD,20,0.63
26/02/2019,DE127550b25c1a8,Team Everest,USD,30,0.85
26/02/2019,DE12755391b6b10,Parivaar Education Society,USD,50,1.28
26/02/2019,DE12755504559a3,Navnirman Trust (Jagrutha Mahila Sanghatan),USD,10,0.42
26/02/2019,DE12755ae18929b,Family of Disabled (Fod),SGD,20,0.52
,,,,,
,,,,,
,,,,,
,,,,,
,,,,,
,,,,,
,,,,,
,,,,,
,,,,,
,,,,,
,,,,,
,,,,,
,,,,,
,,,,,
,,,,,
,,,,,
,,,,,
,,,,,
,,,,,
,,,,,
,,,,,
,,,,,
,,,,,
,,,,,
,,,,,
,,,,,
,,,,,
,,,,,
,,,,,
,,,,,
,,,,,
,,,,,
,,,,,
,,,,,
,,,,,
,,,,,
,,,,,
,,,,,
,,,,,
,,,,,
,,,,,
,,,,,
,,,,,
,,,,,
,,,,,
,,,,,
,,,,,
,,,,,
,,,,,
,,,,,
,,,,,
,,,,,
,,,,,
,,,,,
,,,,,
,,,,,
,,,,,
,,,,,
,,,,,
,,,,,
,,,,,
,,,,,
,,,,,
,,,,,
,,,,,
,,,,,
,,,,,
,,,,,
,,,,,
,,,,,
,,,,,
,,,,,
,,,,,
,,,,,
,,,,,
,,,,,
,,,,,
,,,,,
,,,,,
,,,,,
,,,,,
,,,,,
,,,,,
,,,,,
,,,,,
,,,,,
,,,,,
,,,,,
,,,,,
,,,,,
,,,,,
,,,,,
,,,,,
,,,,,
,,,,,
,,,,,
,,,,,
,,,,,
,,,,,
,,,,,
,,,,,
,,,,,
,,,,,
,,,,,
,,,,,
,,,,,
,,,,,
,,,,,
,,,,,
,,,,,
,,,,,
,,,,,
,,,,,
,,,,,
,,,,,
,,,,,
,,,,,
,,,,,
,,,,,
,,,,,
,,,,,
,,,,,
,,,,,
,,,,,
,,,,,
,,,,,
,,,,,
,,,,,
,,,,,
,,,,,
,,,,,
,,,,,
,,,,,
,,,,,
,,,,,
,,,,,
,,,,,
,,,,,
,,,,,
,,,,,
,,,,,
,,,,,
,,,,,
,,,,,
,,,,,
,,,,,
,,,,,
,,,,,
,,,,,
,,,,,
,,,,,
,,,,,
,,,,,
,,,,,
,,,,,
,,,,,
,,,,,
,,,,,
,,,,,
,,,,,
,,,,,
,,,,,
,,,,,
,,,,,
,,,,,
,,,,,
,,,,,
,,,,,
,,,,,
,,,,,
,,,,,
,,,,,
,,,,,
,,,,,
,,,,,
,,,,,
,,,,,
,,,,,
,,,,,
,,,,,
,,,,,
,,,,,
,,,,,
,,,,,
,,,,,
,,,,,
,,,,,
,,,,,
,,,,,
,,,,,
,,,,,
,,,,,
,,,,,
,,,,,
,,,,,
,,,,,
,,,,,
,,,,,
,,,,,
,,,,,
,,,,,
,,,,,
,,,,,
,,,,,
,,,,,
,,,,,
,,,,,
,,,,,
,,,,,
,,,,,
,,,,,
,,,,,
,,,,,
,,,,,
,,,,,
,,,,,
,,,,,
,,,,,
,,,,,
,,,,,
,,,,,
,,,,,
,,,,,
,,,,,
,,,,,
,,,,,
,,,,,
,,,,,
,,,,,
,,,,,
,,,,,
,,,,,
,,,,,
,,,,,
,,,,,
,,,,,
,,,,,
,,,,,
,,,,,
,,,,,
,,,,,
,,,,,
,,,,,
,,,,,
,,,,,
,,,,,
,,,,,
,,,,,
,,,,,
,,,,,
,,,,,
,,,,,
,,,,,
,,,,,
,,,,,
,,,,,
,,,,,
,,,,,
,,,,,
,,,,,
,,,,,
,,,,,
,,,,,
,,,,,
,,,,,
,,,,,
,,,,,
,,,,,
,,,,,
,,,,,
,,,,,
,,,,,
,,,,,
,,,,,
,,,,,
,,,,,
,,,,,
,,,,,
,,,,,
,,,,,
,,,,,
,,,,,
,,,,,
,,,,,
,,,,,
,,,,,
,,,,,
,,,,,
,,,,,
,,,,,
,,,,,
,,,,,
,,,,,
,,,,,
,,,,,
,,,,,
,,,,,
,,,,,
,,,,,
,,,,,
,,,,,
,,,,,
,,,,,
,,,,,
,,,,,
,,,,,
,,,,,
,,,,,
,,,,,
,,,,,
,,,,,
,,,,,
,,,,,
,,,,,
,,,,,
,,,,,
,,,,,
,,,,,
,,,,,
,,,,,
,,,,,
,,,,,
,,,,,
,,,,,
,,,,,
,,,,,
,,,,,
,,,,,
,,,,,
,,,,,
,,,,,
,,,,,
,,,,,
,,,,,
,,,,,
,,,,,
,,,,,
,,,,,
,,,,,
,,,,,
,,,,,
,,,,,
,,,,,
,,,,,
,,,,,
,,,,,
,,,,,
,,,,,
,,,,,
,,,,,
,,,,,
,,,,,
,,,,,
,,,,,
,,,,,
,,,,,
,,,,,
,,,,,
,,,,,
,,,,,
,,,,,
,,,,,
,,,,,
,,,,,
,,,,,
,,,,,
,,,,,
,,,,,
,,,,,
,,,,,
,,,,,
,,,,,
,,,,,
,,,,,
,,,,,
,,,,,
,,,,,
,,,,,
,,,,,
,,,,,
,,,,,
,,,,,
,,,,,
,,,,,
,,,,,
,,,,,
,,,,,
,,,,,
,,,,,
,,,,,
,,,,,
,,,,,
,,,,,
,,,,,
,,,,,
,,,,,
,,,,,
,,,,,
,,,,,
,,,,,
,,,,,
,,,,,
,,,,,
,,,,,
,,,,,
,,,,,
,,,,,
,,,,,
,,,,,
,,,,,
,,,,,
,,,,,
,,,,,
,,,,,
,,,,,
,,,,,
,,,,,
,,,,,
,,,,,
,,,,,
,,,,,
,,,,,
,,,,,
,,,,,
,,,,,
,,,,,
,,,,,
,,,,,
,,,,,
,,,,,
,,,,,
,,,,,
,,,,,
,,,,,
,,,,,
,,,,,
,,,,,
,,,,,
,,,,,
,,,,,
,,,,,
,,,,,
,,,,,
,,,,,
,,,,,
,,,,,
,,,,,
,,,,,
,,,,,
,,,,,
,,,,,
,,,,,
,,,,,
,,,,,
,,,,,
,,,,,
,,,,,
,,,,,
,,,,,
,,,,,
,,,,,
,,,,,
,,,,,
,,,,,
,,,,,
,,,,,
,,,,,
,,,,,
,,,,,
,,,,,
,,,,,
,,,,,
,,,,,
,,,,,
,,,,,
,,,,,
,,,,,
,,,,,
,,,,,
,,,,,
,,,,,
,,,,,
,,,,,
,,,,,
,,,,,
,,,,,
,,,,,
,,,,,
,,,,,
,,,,,
,,,,,
,,,,,
,,,,,
,,,,,
,,,,,
,,,,,
,,,,,
,,,,,
,,,,,
,,,,,
,,,,,
,,,,,
,,,,,
,,,,,
,,,,,
,,,,,
,,,,,
,,,,,
,,,,,
,,,,,
,,,,,
,,,,,
,,,,,
,,,,,
,,,,,
,,,,,
,,,,,
,,,,,
,,,,,
,,,,,
,,,,,
,,,,,
,,,,,
,,,,,
,,,,,
,,,,,
,,,,,
,,,,,
,,,,,
,,,,,
,,,,,
,,,,,
,,,,,
,,,,,
,,,,,
,,,,,
,,,,,
,,,,,
,,,,,
,,,,,
,,,,,
,,,,,
,,,,,
,,,,,
,,,,,
,,,,,
,,,,,
,,,,,
,,,,,
,,,,,
,,,,,
,,,,,
,,,,,
,,,,,
,,,,,
,,,,,
,,,,,
,,,,,
,,,,,
,,,,,
,,,,,
,,,,,
,,,,,
,,,,,
,,,,,
,,,,,
,,,,,
,,,,,
,,,,,
,,,,,
,,,,,
,,,,,
,,,,,
,,,,,
,,,,,
,,,,,
,,,,,
,,,,,
,,,,,
,,,,,
,,,,,
,,,,,
,,,,,
,,,,,
,,,,,
,,,,,
,,,,,
,,,,,
,,,,,
,,,,,
,,,,,
,,,,,
,,,,,
,,,,,
,,,,,
,,,,,
,,,,,
,,,,,
,,,,,
,,,,,
,,,,,
,,,,,
,,,,,
,,,,,
,,,,,
,,,,,
,,,,,
,,,,,
,,,,,
,,,,,
,,,,,
,,,,,
,,,,,
,,,,,
,,,,,
,,,,,
,,,,,
,,,,,
,,,,,
,,,,,
,,,,,
,,,,,
,,,,,
,,,,,
,,,,,
,,,,,
,,,,,
,,,,,
,,,,,
,,,,,
,,,,,
,,,,,
,,,,,
,,,,,
,,,,,
,,,,,
,,,,,
,,,,,
,,,,,
,,,,,
,,,,,
,,,,,
,,,,,
,,,,,
,,,,,
,,,,,
,,,,,
,,,,,
,,,,,
,,,,,
,,,,,
,,,,,
,,,,,
,,,,,
,,,,,
,,,,,
,,,,,
,,,,,
,,,,,
,,,,,
,,,,,
,,,,,
,,,,,
,,,,,
,,,,,
,,,,,
,,,,,
,,,,,
,,,,,
,,,,,
,,,,,
,,,,,
,,,,,
,,,,,
,,,,,
,,,,,
,,,,,
,,,,,
,,,,,
,,,,,
,,,,,
,,,,,
,,,,,
,,,,,
,,,,,
,,,,,
,,,,,
,,,,,
,,,,,
,,,,,
,,,,,
,,,,,
,,,,,
,,,,,
,,,,,
,,,,,
,,,,,
,,,,,
,,,,,
,,,,,
,,,,,
,,,,,
,,,,,
,,,,,
,,,,,
,,,,,
,,,,,
,,,,,
,,,,,
,,,,,
,,,,,
,,,,,
,,,,,
,,,,,
,,,,,
,,,,,
,,,,,
,,,,,
,,,,,
,,,,,
,,,,,
,,,,,
,,,,,
,,,,,
,,,,,
,,,,,
,,,,,
,,,,,
,,,,,
,,,,,
,,,,,
,,,,,
,,,,,
,,,,,
,,,,,
,,,,,
,,,,,
,,,,,
,,,,,
,,,,,
,,,,,
,,,,,
,,,,,
,,,,,
,,,,,
,,,,,
,,,,,
,,,,,
,,,,,
,,,,,
,,,,,
,,,,,
,,,,,
,,,,,
,,,,,
,,,,,
,,,,,
,,,,,
,,,,,
,,,,,
,,,,,
,,,,,
,,,,,
,,,,,
,,,,,
,,,,,
,,,,,
,,,,,
,,,,,
,,,,,
,,,,,
,,,,,
,,,,,
,,,,,
,,,,,
,,,,,
,,,,,
,,,,,
,,,,,
,,,,,
,,,,,
,,,,,
,,,,,
,,,,,
,,,,,
,,,,,
,,,,,
,,,,,
,,,,,
,,,,,
,,,,,
,,,,,
,,,,,
,,,,,
,,,,,
,,,,,
,,,,,
,,,,,
,,,,,
,,,,,
,,,,,
,,,,,
,,,,,
,,,,,
,,,,,
,,,,,
,,,,,
,,,,,
,,,,,
,,,,,
,,,,,
,,,,,
,,,,,
,,,,,
,,,,,
,,,,,
,,,,,
,,,,,
,,,,,
,,,,,
,,,,,
,,,,,
,,,,,
,,,,,
,,,,,
,,,,,
,,,,,
,,,,,
,,,,,
,,,,,
,,,,,
,,,,,
,,,,,
,,,,,
,,,,,
,,,,,
,,,,,
,,,,,
,,,,,
,,,,,
,,,,,
,,,,,
,,,,,
,,,,,
,,,,,
,,,,,
,,,,,
,,,,,
,,,,,
,,,,,
,,,,,
,,,,,
,,,,,
,,,,,
,,,,,
,,,,,
,,,,,
,,,,,
,,,,,
,,,,,
,,,,,
,,,,,
,,,,,
,,,,,
,,,,,
,,,,,
,,,,,
,,,,,
,,,,,
,,,,,
,,,,,
,,,,,
,,,,,
,,,,,
,,,,,
,,,,,
,,,,,
,,,,,
,,,,,
,,,,,
,,,,,
,,,,,
,,,,,
,,,,,
,,,,,
,,,,,
,,,,,
,,,,,
,,,,,
,,,,,
,,,,,
,,,,,
,,,,,
,,,,,
,,,,,
,,,,,
,,,,,
,,,,,
,,,,,
,,,,,
,,,,,
,,,,,
,,,,,
,,,,,
,,,,,
,,,,,
,,,,,
,,,,,
,,,,,
,,,,,
,,,,,
,,,,,
,,,,,
,,,,,
,,,,,
,,,,,
,,,,,
,,,,,
,,,,,
,,,,,
,,,,,
,,,,,
,,,,,
,,,,,
,,,,,
,,,,,
,,,,,
,,,,,
,,,,,
,,,,,
,,,,,
,,,,,
,,,,,
,,,,,
,,,,,
,,,,,
,,,,,
,,,,,
,,,,,
,,,,,
,,,,,
,,,,,
,,,,,
,,,,,
,,,,,
,,,,,
,,,,,
,,,,,
,,,,,
,,,,,
,,,,,
,,,,,
,,,,,
,,,,,
,,,,,
,,,,,
,,,,,
,,,,,
,,,,,
,,,,,
,,,,,
,,,,,
,,,,,
,,,,,
,,,,,
,,,,,
,,,,,
,,,,,
,,,,,
,,,,,
,,,,,
,,,,,
,,,,,
,,,,,
,,,,,
,,,,,
,,,,,
,,,,,
,,,,,
,,,,,
,,,,,
,,,,,
,,,,,
,,,,,
,,,,,
,,,,,
,,,,,
,,,,,
,,,,,
,,,,,
,,,,,
,,,,,
,,,,,
,,,,,
,,,,,
,,,,,
,,,,,
,,,,,
,,,,,
,,,,,
,,,,,
,,,,,
,,,,,
,,,,,
,,,,,
,,,,,
,,,,,
,,,,,
,,,,,
,,,,,
,,,,,
,,,,,
,,,,,
,,,,,
,,,,,
,,,,,
,,,,,
,,,,,
,,,,,
,,,,,
,,,,,
,,,,,
,,,,,
,,,,,
,,,,,
,,,,,
,,,,,
,,,,,
,,,,,
,,,,,
,,,,,
,,,,,
,,,,,
,,,,,
,,,,,
,,,,,
,,,,,
,,,,,
,,,,,
,,,,,
,,,,,
,,,,,
,,,,,
,,,,,
,,,,,
,,,,,
,,,,,
,,,,,
,,,,,
,,,,,
,,,,,
,,,,,
,,,,,
,,,,,
,,,,,
,,,,,
,,,,,
,,,,,
,,,,,
,,,,,
,,,,,
,,,,,
,,,,,
,,,,,
,,,,,
,,,,,
,,,,,
,,,,,
,,,,,
,,,,,
,,,,,
,,,,,
,,,,,
,,,,,
,,,,,
,,,,,
,,,,,
,,,,,
,,,,,
,,,,,
,,,,,
,,,,,
,,,,,
,,,,,
,,,,,
,,,,,
,,,,,
,,,,,
,,,,,
,,,,,
,,,,,
,,,,,
,,,,,
,,,,,
,,,,,
,,,,,
,,,,,
,,,,,
,,,,,
,,,,,
,,,,,
,,,,,
,,,,,
,,,,,
,,,,,
,,,,,
,,,,,
,,,,,
,,,,,
,,,,,
,,,,,
,,,,,
,,,,,
,,,,,
,,,,,
,,,,,
,,,,,
,,,,,
,,,,,
,,,,,
,,,,,
,,,,,
,,,,,
,,,,,
,,,,,
,,,,,
,,,,,
,,,,,
,,,,,
,,,,,
,,,,,
,,,,,
,,,,,
,,,,,
,,,,,
,,,,,
,,,,,
,,,,,
,,,,,
,,,,,
,,,,,
,,,,,
,,,,,
,,,,,
,,,,,
,,,,,
,,,,,
,,,,,
,,,,,
,,,,,
,,,,,
,,,,,
,,,,,
,,,,,
,,,,,
,,,,,
,,,,,
,,,,,
,,,,,
,,,,,
,,,,,
,,,,,
,,,,,
,,,,,
,,,,,
,,,,,
,,,,,
,,,,,
,,,,,
,,,,,
,,,,,
,,,,,
,,,,,
,,,,,
,,,,,
,,,,,
,,,,,
,,,,,
,,,,,
,,,,,
,,,,,
,,,,,
,,,,,
,,,,,
,,,,,
,,,,,
,,,,,
,,,,,
,,,,,
,,,,,
,,,,,
,,,,,
,,,,,
,,,,,
,,,,,
,,,,,
,,,,,
,,,,,
,,,,,
,,,,,
,,,,,
,,,,,
,,,,,
,,,,,
,,,,,
,,,,,
,,,,,
,,,,,
,,,,,
,,,,,
,,,,,
,,,,,
,,,,,
,,,,,
,,,,,
,,,,,
,,,,,
,,,,,
,,,,,
,,,,,
,,,,,
,,,,,
,,,,,
,,,,,
,,,,,
,,,,,
,,,,,
,,,,,
,,,,,
,,,,,
,,,,,
,,,,,
,,,,,
,,,,,
,,,,,
,,,,,
,,,,,
,,,,,
,,,,,
,,,,,
,,,,,
,,,,,
,,,,,
,,,,,
,,,,,
,,,,,
,,,,,
,,,,,
,,,,,
,,,,,
,,,,,
,,,,,
,,,,,
,,,,,
,,,,,
,,,,,
,,,,,
,,,,,
,,,,,
,,,,,
,,,,,
,,,,,
,,,,,
,,,,,
,,,,,
,,,,,
,,,,,
,,,,,
,,,,,
,,,,,
,,,,,
,,,,,
,,,,,
,,,,,
,,,,,
,,,,,
,,,,,
,,,,,
,,,,,
,,,,,
,,,,,
,,,,,
,,,,,
,,,,,
,,,,,
,,,,,
,,,,,
,,,,,
,,,,,
,,,,,
,,,,,
,,,,,
,,,,,
,,,,,
,,,,,
,,,,,
,,,,,
,,,,,
,,,,,
,,,,,
,,,,,
,,,,,
,,,,,
,,,,,
,,,,,
,,,,,
,,,,,
,,,,,
,,,,,
,,,,,
,,,,,
,,,,,
,,,,,
,,,,,
,,,,,
,,,,,
,,,,,
,,,,,
,,,,,
,,,,,
,,,,,
,,,,,
,,,,,
,,,,,
,,,,,
,,,,,
,,,,,
,,,,,
,,,,,
,,,,,
,,,,,
,,,,,
,,,,,
,,,,,
,,,,,
,,,,,
,,,,,
,,,,,
,,,,,
,,,,,
,,,,,
,,,,,
,,,,,
,,,,,
,,,,,
,,,,,
,,,,,
,,,,,
,,,,,
,,,,,
,,,,,
,,,,,
,,,,,
,,,,,
,,,,,
,,,,,
,,,,,
,,,,,
,,,,,
,,,,,
,,,,,
,,,,,
,,,,,
,,,,,
,,,,,
,,,,,
,,,,,
,,,,,
,,,,,
,,,,,
,,,,,
,,,,,
,,,,,
,,,,,
,,,,,
,,,,,
,,,,,
,,,,,
,,,,,
,,,,,
,,,,,
,,,,,
,,,,,
,,,,,
,,,,,
,,,,,
,,,,,
,,,,,
,,,,,
,,,,,
,,,,,
,,,,,
,,,,,
,,,,,
,,,,,
,,,,,
,,,,,
,,,,,
,,,,,
,,,,,
,,,,,
,,,,,
,,,,,
,,,,,
,,,,,
,,,,,
,,,,,
,,,,,
,,,,,
,,,,,
,,,,,
,,,,,
,,,,,
,,,,,
,,,,,
,,,,,
,,,,,
,,,,,
,,,,,
,,,,,
,,,,,
,,,,,
,,,,,
,,,,,
,,,,,
,,,,,
,,,,,
,,,,,
,,,,,
,,,,,
,,,,,
,,,,,
,,,,,
,,,,,
,,,,,
,,,,,
,,,,,
,,,,,
,,,,,
,,,,,
,,,,,
,,,,,
,,,,,
,,,,,
,,,,,
,,,,,
,,,,,
,,,,,
,,,,,
,,,,,
,,,,,
,,,,,
,,,,,
,,,,,
,,,,,
,,,,,
,,,,,
,,,,,
,,,,,
,,,,,
,,,,,
,,,,,
,,,,,
,,,,,
,,,,,
,,,,,
,,,,,
,,,,,
,,,,,
,,,,,
,,,,,
,,,,,
,,,,,
,,,,,
,,,,,
,,,,,
,,,,,
,,,,,
,,,,,
,,,,,
,,,,,
,,,,,
,,,,,
,,,,,
,,,,,
,,,,,
,,,,,
,,,,,
,,,,,
,,,,,
,,,,,
,,,,,
,,,,,
,,,,,
,,,,,
,,,,,
,,,,,
,,,,,
,,,,,
,,,,,
,,,,,
,,,,,
,,,,,
,,,,,
,,,,,
,,,,,
,,,,,
,,,,,
,,,,,
,,,,,
,,,,,
,,,,,
,,,,,
,,,,,
,,,,,
,,,,,
,,,,,
,,,,,
,,,,,
,,,,,
,,,,,
,,,,,
,,,,,
,,,,,
,,,,,
,,,,,
,,,,,
,,,,,
,,,,,
,,,,,
,,,,,
,,,,,
,,,,,
,,,,,
,,,,,
,,,,,
,,,,,
,,,,,
,,,,,
,,,,,
,,,,,
,,,,,
,,,,,
,,,,,
,,,,,
,,,,,
,,,,,
,,,,,
,,,,,
,,,,,
,,,,,
,,,,,
,,,,,
,,,,,
,,,,,
,,,,,
,,,,,
,,,,,
,,,,,
,,,,,
,,,,,
,,,,,
,,,,,
,,,,,
,,,,,
,,,,,
,,,,,
,,,,,
,,,,,
,,,,,
,,,,,
,,,,,
,,,,,
,,,,,
,,,,,
,,,,,
,,,,,
,,,,,
,,,,,
,,,,,
,,,,,
,,,,,
,,,,,
,,,,,
,,,,,
,,,,,
,,,,,
,,,,,
,,,,,
,,,,,
,,,,,
,,,,,
,,,,,
,,,,,
,,,,,
,,,,,
,,,,,
,,,,,
,,,,,
,,,,,
,,,,,
,,,,,
,,,,,
,,,,,
,,,,,
,,,,,
,,,,,
,,,,,
,,,,,
,,,,,
,,,,,
,,,,,
,,,,,
,,,,,
,,,,,
,,,,,
,,,,,
,,,,,
,,,,,
,,,,,
,,,,,
,,,,,
,,,,,
,,,,,
,,,,,
,,,,,
,,,,,
,,,,,
,,,,,
,,,,,
,,,,,
,,,,,
,,,,,
,,,,,
,,,,,
,,,,,
,,,,,
,,,,,
,,,,,
,,,,,
,,,,,
,,,,,
,,,,,
,,,,,
,,,,,
,,,,,
,,,,,
,,,,,
,,,,,
,,,,,
,,,,,
,,,,,
,,,,,
,,,,,
,,,,,
,,,,,
,,,,,
,,,,,
,,,,,
,,,,,
,,,,,
,,,,,
,,,,,
,,,,,
,,,,,
,,,,,
,,,,,
,,,,,
,,,,,
,,,,,
,,,,,
,,,,,
,,,,,
,,,,,
,,,,,
,,,,,
,,,,,
,,,,,
,,,,,
,,,,,
,,,,,
,,,,,
,,,,,
,,,,,
,,,,,
,,,,,
,,,,,
,,,,,
,,,,,
,,,,,
,,,,,
,,,,,
,,,,,
,,,,,
,,,,,
,,,,,
,,,,,
,,,,,
,,,,,
,,,,,
,,,,,
,,,,,
,,,,,
,,,,,
,,,,,
,,,,,
,,,,,
,,,,,
,,,,,
,,,,,
,,,,,
,,,,,
,,,,,
,,,,,
,,,,,
,,,,,
,,,,,
,,,,,
,,,,,
,,,,,
,,,,,
,,,,,
,,,,,
,,,,,
,,,,,
,,,,,
,,,,,
,,,,,
,,,,,
,,,,,
,,,,,
,,,,,
,,,,,
,,,,,
,,,,,
,,,,,
,,,,,
,,,,,
,,,,,
,,,,,
,,,,,
,,,,,
,,,,,
,,,,,
,,,,,
,,,,,
,,,,,
,,,,,
,,,,,
,,,,,
,,,,,
,,,,,
,,,,,
,,,,,
,,,,,
,,,,,
,,,,,
,,,,,
,,,,,
,,,,,
,,,,,
,,,,,
,,,,,
,,,,,
,,,,,
,,,,,
,,,,,
,,,,,
,,,,,
,,,,,
,,,,,
,,,,,
,,,,,
,,,,,
,,,,,
,,,,,
,,,,,
,,,,,
,,,,,
,,,,,
,,,,,
,,,,,
,,,,,
,,,,,
,,,,,
,,,,,
,,,,,
,,,,,
,,,,,
,,,,,
,,,,,
,,,,,
,,,,,
,,,,,
,,,,,
,,,,,
,,,,,
,,,,,
,,,,,
,,,,,
,,,,,
,,,,,
,,,,,
,,,,,
,,,,,
,,,,,
,,,,,
,,,,,
,,,,,
,,,,,
,,,,,
,,,,,
,,,,,
,,,,,
,,,,,
,,,,,
,,,,,
,,,,,
,,,,,
,,,,,
,,,,,
,,,,,
,,,,,
,,,,,
,,,,,
,,,,,
,,,,,
,,,,,
,,,,,
,,,,,
,,,,,
,,,,,
,,,,,
,,,,,
,,,,,
,,,,,
,,,,,
,,,,,
,,,,,
,,,,,
,,,,,
,,,,,
,,,,,
,,,,,
,,,,,
,,,,,
,,,,,
,,,,,
,,,,,
,,,,,
,,,,,
,,,,,
,,,,,
,,,,,
,,,,,
,,,,,
,,,,,
,,,,,
,,,,,
,,,,,
,,,,,
,,,,,
,,,,,
,,,,,
,,,,,
,,,,,
,,,,,
,,,,,
,,,,,
,,,,,
,,,,,
,,,,,
,,,,,
,,,,,
,,,,,
,,,,,
,,,,,
,,,,,
,,,,,
,,,,,
,,,,,
,,,,,
,,,,,
,,,,,
,,,,,
,,,,,
,,,,,
,,,,,
,,,,,
,,,,,
,,,,,
,,,,,
,,,,,
,,,,,
,,,,,
,,,,,
,,,,,
,,,,,
,,,,,
,,,,,
,,,,,
,,,,,
,,,,,
,,,,,
,,,,,
,,,,,
,,,,,
,,,,,
,,,,,
,,,,,
,,,,,
,,,,,
,,,,,
,,,,,
,,,,,
,,,,,
,,,,,
,,,,,
,,,,,
,,,,,
,,,,,
,,,,,
,,,,,
,,,,,
,,,,,
,,,,,
,,,,,
,,,,,
,,,,,
,,,,,
,,,,,
,,,,,
,,,,,
,,,,,
,,,,,
,,,,,
,,,,,
,,,,,
,,,,,
,,,,,
,,,,,
,,,,,
